URL,Last crawled,Status
https://www.rojgarsuvidha.com/job/neet-ug-mcc-counselling-2026,1970-01-01,Pending
https://www.rojgarsuvidha.com/e-suvidha/apply/eshram,1970-01-01,Pending
https://www.rojgarsuvidha.com/private-jobs/community,1970-01-01,Pending
https://www.rojgarsuvidha.com/e-suvidha/apply/itr-nil,1970-01-01,Pending
https://www.rojgarsuvidha.com/e-suvidha/apply/ayushman,1970-01-01,Pending
https://www.rojgarsuvidha.com/e-suvidha/apply/passport,1970-01-01,Pending
https://www.rojgarsuvidha.com/e-suvidha/apply/resume-cv,1970-01-01,Pending
https://www.rojgarsuvidha.com/e-suvidha/apply/caste-cert,1970-01-01,Pending
https://www.rojgarsuvidha.com/job/sbi-po-admit-card-2026,1970-01-01,Pending
https://www.rojgarsuvidha.com/e-suvidha/apply/income-cert,1970-01-01,Pending
https://www.rojgarsuvidha.com/private-jobs/resume-builder,1970-01-01,Pending
https://www.rojgarsuvidha.com/e-suvidha/apply/domicile-cert,1970-01-01,Pending
https://www.rojgarsuvidha.com/e-suvidha/apply/pf-withdrawal,1970-01-01,Pending
https://www.rojgarsuvidha.com/e-suvidha/apply/pan-correction,1970-01-01,Pending
https://www.rojgarsuvidha.com/privacy,1970-01-01,Pending
https://www.rojgarsuvidha.com/jobs/ssc,1970-01-01,Pending
https://www.rojgarsuvidha.com/state/cg,1970-01-01,Pending
https://www.rojgarsuvidha.com/state/ga,1970-01-01,Pending
https://www.rojgarsuvidha.com/state/gu,1970-01-01,Pending
https://www.rojgarsuvidha.com/state/ka,1970-01-01,Pending
https://www.rojgarsuvidha.com/state/hp,1970-01-01,Pending
https://www.rojgarsuvidha.com/state/jk,1970-01-01,Pending
https://www.rojgarsuvidha.com/state/mh,1970-01-01,Pending
https://www.rojgarsuvidha.com/state/rj,1970-01-01,Pending
https://www.rojgarsuvidha.com/state/wb,1970-01-01,Pending
https://www.rojgarsuvidha.com/state/ts,1970-01-01,Pending
https://www.rojgarsuvidha.com/jobs/upsc,1970-01-01,Pending
https://www.rojgarsuvidha.com/jobs/police,1970-01-01,Pending
https://www.rojgarsuvidha.com/jobs/defence,1970-01-01,Pending
https://www.rojgarsuvidha.com/age-calculator,1970-01-01,Pending
https://www.rojgarsuvidha.com/jobs/state-psc,1970-01-01,Pending
https://www.rojgarsuvidha.com/e-suvidha/apply/pcc,1970-01-01,Pending
https://www.rojgarsuvidha.com/e-suvidha/apply/udyam,1970-01-01,Pending
https://www.rojgarsuvidha.com/job/htet-result-2026-released-check-scorecard,1970-01-01,Pending
https://www.rojgarsuvidha.com/job/up-post-matric-scholarship-2026-dates-out,1970-01-01,Pending
https://www.rojgarsuvidha.com/job/mp-literacy-ambassador-scheme-2026-ullas-update,1970-01-01,Pending
https://www.rojgarsuvidha.com/job/seci-recruitment-2026-apply-online-for-28-posts,1970-01-01,Pending
https://www.rojgarsuvidha.com/job/fri-mts-re-exam-date-2026-check-group-c-schedule,1970-01-01,Pending
https://www.rojgarsuvidha.com/job/du-pg-admission-2026-spot-round-2-scores-released,1970-01-01,Pending
https://www.rojgarsuvidha.com/job/iit-bombay-e-pg-diploma-2026-cs-ai-course-details,1970-01-01,Pending
https://www.rojgarsuvidha.com/job/iit-kharagpur-audio-video-officer-result-2026-out,1970-01-01,Pending
https://www.rojgarsuvidha.com/job/mcc-neet-ug-round-1-seat-allotment-result-2026-out,1970-01-01,Pending
https://www.rojgarsuvidha.com/job/gtu-result-2026-out-mca-1st-2nd-sem-scorecard-link,1970-01-01,Pending
https://www.rojgarsuvidha.com/job/apsc-vo-bvo-syllabus-2026-exam-pattern-pdf-download,1970-01-01,Pending
https://www.rojgarsuvidha.com/job/rspcb-jso-final-result-2026-download-merit-list-pdf,1970-01-01,Pending
https://www.rojgarsuvidha.com/job/mpsc-senior-grade-result-2026-cutoff-merit-list-link,1970-01-01,Pending
https://www.rojgarsuvidha.com/job/neet-ug-counselling-2026-round-1-result-date-revised,1970-01-01,Pending
https://www.rojgarsuvidha.com/job/odisha-neet-ug-2026-provisional-allotment-result-out,1970-01-01,Pending
https://www.rojgarsuvidha.com/job/rcm-sishu-bhawan-recruitment-2026-apply-for-16-posts,1970-01-01,Pending
https://www.rojgarsuvidha.com/job/ssc-chsl-result-2026-out-3515-candidates-shortlisted,1970-01-01,Pending
https://www.rojgarsuvidha.com/job/up-deled-merit-list-2026-out-state-rank-pdf-download,1970-01-01,Pending
https://www.rojgarsuvidha.com/job/mumbai-university-result-2026-out-be-ai-ds-sem-3-link,1970-01-01,Pending
https://www.rojgarsuvidha.com/job/cuet-bhu-ug-spot-round-1-cut-off-2026-out-check-marks,1970-01-01,Pending
https://www.rojgarsuvidha.com/job/calicut-university-pg-result-2026-out-check-link-here,1970-01-01,Pending
https://www.rojgarsuvidha.com/job/esic-recruitment-2026-walk-in-for-67-faculty-sr-posts,1970-01-01,Pending
https://www.rojgarsuvidha.com/job/iima-programme-coordinator-result-2026-cut-off-update,1970-01-01,Pending
https://www.rojgarsuvidha.com/job/iit-delhi-jrf-recruitment-2026-1-vacancy-apply-online,1970-01-01,Pending
https://www.rojgarsuvidha.com/job/punjabi-university-patiala-sem-3-result-2026-released,1970-01-01,Pending
https://www.rojgarsuvidha.com/job/du-ug-merit-based-admission-2026-9-more-colleges-added,1970-01-01,Pending
https://www.rojgarsuvidha.com/job/kea-vao-kannada-test-admit-card-2026-out-download-link,1970-01-01,Pending
https://www.rojgarsuvidha.com/job/national-teachers-award-2026-bihar-teacher-pushpa-story,1970-01-01,Pending
https://www.rojgarsuvidha.com/job/aiims-bathinda-counsellor-recruitment-2026-apply-online,1970-01-01,Pending
https://www.rojgarsuvidha.com/job/ap-icet-2026-counselling-schedule-out-reg-begins-aug-24,1970-01-01,Pending
https://www.rojgarsuvidha.com/job/du-ug-admission-2026-class-12-marks-vacant-seats-update,1970-01-01,Pending
https://www.rojgarsuvidha.com/job/delhi-police-hcm-pemt-admit-card-2026-download-link-out,1970-01-01,Pending
https://www.rojgarsuvidha.com/job/aiims-delhi-project-technical-support-i-recruitment-2026,1970-01-01,Pending
https://www.rojgarsuvidha.com/job/ctet-september-2026-application-reopened-check-exam-date,1970-01-01,Pending
https://www.rojgarsuvidha.com/job/hngu-non-teaching-answer-key-2026-out-download-final-key,1970-01-01,Pending
https://www.rojgarsuvidha.com/job/kerala-high-court-gardener-recruitment-2026-apply-online,1970-01-01,Pending
https://www.rojgarsuvidha.com/job/ssc-chsl-2025-frta-result-out-sarkari-result-direct-link,1970-01-01,Pending
https://www.rojgarsuvidha.com/job/ssj-university-answer-key-2026-national-bird-error-fixed,1970-01-01,Pending
https://www.rojgarsuvidha.com/job/tdb-assistant-law-officer-result-2026-direct-link-update,1970-01-01,Pending
https://www.rojgarsuvidha.com/job/tripura-university-bpharm-result-2026-check-link-out-now,1970-01-01,Pending
https://www.rojgarsuvidha.com/job/neet-pg-2026-cghs-clarifies-wellness-centres-to-stay-open,1970-01-01,Pending
https://www.rojgarsuvidha.com/job/cci-various-post-admit-card-2026-out-download-hall-ticket,1970-01-01,Pending
https://www.rojgarsuvidha.com/job/sainik-school-ambikapur-recruitment-2026-application-form,1970-01-01,Pending
https://www.rojgarsuvidha.com/job/uppsc-gic-lecturer-mains-admit-card-2026-out-download-now,1970-01-01,Pending
https://www.rojgarsuvidha.com/job/andhra-university-msc-result-2026-out-check-3rd-sem-online,1970-01-01,Pending
https://www.rojgarsuvidha.com/job/iocl-nr-apprentice-recruitment-2026-apply-online-433-posts,1970-01-01,Pending
https://www.rojgarsuvidha.com/job/ssc-mts-result-2026-out-check-cbic-havaldar-merit-list-pdf,1970-01-01,Pending
https://www.rojgarsuvidha.com/job/tripura-university-admission-2026-counseling-guest-faculty,1970-01-01,Pending
https://www.rojgarsuvidha.com/job/hbse-admit-card-2026-out-download-haryana-board-hall-ticket,1970-01-01,Pending
https://www.rojgarsuvidha.com/job/tiss-senior-executive-assistant-recruitment-2026-apply-form,1970-01-01,Pending
https://www.rojgarsuvidha.com/job/upsc-mains-2026-essay-paper-topics-released-check-full-list,1970-01-01,Pending
https://www.rojgarsuvidha.com/job/allahabad-university-recruitment-2026-apply-for-jrf-ra-posts,1970-01-01,Pending
https://www.rojgarsuvidha.com/job/rpsc-assistant-professor-interview-schedule-2026-direct-link,1970-01-01,Pending
https://www.rojgarsuvidha.com/job/aiims-kalyani-senior-resident-recruitment-2026-apply-51-posts,1970-01-01,Pending
https://www.rojgarsuvidha.com/job/dsssb-result-2026-out-download-post-code-1025-3924-merit-list,1970-01-01,Pending
https://www.rojgarsuvidha.com/job/iima-research-associate-recruitment-2026-apply-online-details,1970-01-01,Pending
https://www.rojgarsuvidha.com/job/panjab-university-result-2026-out-check-semester-marks-online,1970-01-01,Pending
https://www.rojgarsuvidha.com/job/delhi-police-constable-pemt-2026-postponed-new-exam-date-notice,1970-01-01,Pending
https://www.rojgarsuvidha.com/job/kerala-university-time-table-2026-out-ba-english-btech-schedule,1970-01-01,Pending
https://www.rojgarsuvidha.com/job/skau-kurukshetra-non-teaching-recruitment-2026-apply-for-60-posts,1970-01-01,Pending
https://www.rojgarsuvidha.com/job/neet-ug-2026-counselling-round-1-result-date-postponed-new-schedule,1970-01-01,Pending
https://www.rojgarsuvidha.com/job/bihar-vidhan-parishad-admit-card-2026-out-download-tcpt-hall-ticket,1970-01-01,Pending
https://www.rojgarsuvidha.com/job/ssc-selection-post-phase-14-exam-date-2026-out-exams-from-september-16,1970-01-01,Pending
https://www.rojgarsuvidha.com/job/21-posts-ibps-rrb-xv-recruitment-2026-online-form-notification-details,1970-01-01,Pending
https://www.rojgarsuvidha.com/job/ssc-new-portal-ssc-otr-registration-2026-online-form-step-by-step-guide,1970-01-01,Pending
https://www.rojgarsuvidha.com/job/553-posts-uksssc-group-c-recruitment-2026-apply-online-dates-eligibility,1970-01-01,Pending
https://www.rojgarsuvidha.com/job/mains-exam-date-out-delhi-high-court-hjs-result-2026-scorecard-schedule-pdf,1970-01-01,Pending
https://www.rojgarsuvidha.com/job/merit-list-scorecard-up-super-tet-result-2026-check-cut-off-marks-direct-link,1970-01-01,Pending
https://www.rojgarsuvidha.com/job/282-posts-itbp-capf-medical-officer-recruitment-2026-apply-online-eligibility,1970-01-01,Pending
https://www.rojgarsuvidha.com/job/77-posts-concor-mt-assistant-officer-recruitment-2026-online-form-eligibility,1970-01-01,Pending
https://www.rojgarsuvidha.com/job/bseb-stet-2026-bihar-secondary-teacher-eligibility-test-online-form-eligibility,1970-01-01,Pending
https://www.rojgarsuvidha.com/job/re-exam-update-mpsc-drug-inspector-exam-2026-cancelled-re-exam-schedule-inquiry,1970-01-01,Pending
https://www.rojgarsuvidha.com/job/231-posts-telangana-anganwadi-recruitment-2026-apply-online-vacancy-eligibility,1970-01-01,Pending
https://www.rojgarsuvidha.com/job/558-posts-meghalaya-home-guards-recruitment-2026-apply-offline-form-eligibility,1970-01-01,Pending
https://www.rojgarsuvidha.com/job/mbbs-bds-admissions-haryana-neet-ug-counselling-2026-round-1-registration-open-c,1970-01-01,Pending
https://www.rojgarsuvidha.com/job/au-phd-2026-allahabad-university-phd-admission-2026-check-eligibility-fee-applic,1970-01-01,Pending
https://www.rojgarsuvidha.com/job/bseb-notice-bihar-library-eligibility-test-blet-2026-online-form-notification-de,1970-01-01,Pending
https://www.rojgarsuvidha.com/job/class-8th-entry-nta-rimcee-admission-2027-online-form-2026-direct-link-exam-date,1970-01-01,Pending
https://www.rojgarsuvidha.com/job/round-ii-list-wce-btech-merit-list-2026-date-announced-download-pdf-admission-st,1970-01-01,Pending
https://www.rojgarsuvidha.com/job/score-card-out-nta-icar-aieea-pg-and-phd-result-2026-download-scorecard-merit-li,1970-01-01,Pending
https://www.rojgarsuvidha.com/job/scorecard-out-uptet-result-2026-check-up-primary-junior-level-marks-merit-list-d,1970-01-01,Pending
https://www.rojgarsuvidha.com/job/ug-pg-may-2026-panjab-university-result-2026-date-announced-download-marksheet-s,1970-01-01,Pending
https://www.rojgarsuvidha.com/job/1599-posts-railway-ecor-apprentice-recruitment-2026-apply-online-form-notificati,1970-01-01,Pending
https://www.rojgarsuvidha.com/job/175-posts-isro-icrb-scientist-engineer-sc-recruitment-2026-apply-online-form-not,1970-01-01,Pending
https://www.rojgarsuvidha.com/job/116-posts-upcisb-up-cooperative-bank-admit-card-2026-download-hall-ticket-exam-d,1970-01-01,Pending
https://www.rojgarsuvidha.com/job/13-posts-uppsc-computer-assistant-typing-test-result-2026-out-download-merit-lis,1970-01-01,Pending
https://www.rojgarsuvidha.com/job/1st-merit-list-bihar-deled-merit-list-2026-notice-date-announced-check-1st-cut-o,1970-01-01,Pending
https://www.rojgarsuvidha.com/job/25-vacancies-iob-security-guard-recruitment-2026-apply-online-form-eligibility-d,1970-01-01,Pending
https://www.rojgarsuvidha.com/job/20-posts-uco-bank-specialist-officer-recruitment-2026-apply-online-for-manager-a,1970-01-01,Pending
https://www.rojgarsuvidha.com/job/22-posts-hppsc-hpas-notification-2026-out-eligibility-selection-process-direct-a,1970-01-01,Pending
https://www.rojgarsuvidha.com/job/23757-posts-india-post-gds-recruitment-2026-state-wise-vacancy-eligibility-notif,1970-01-01,Pending
https://www.rojgarsuvidha.com/job/35-posts-sbi-specialist-cadre-officer-recruitment-2026-trade-finance-officer-not,1970-01-01,Pending
https://www.rojgarsuvidha.com/job/376-posts-nic-scientific-and-technical-assistant-recruitment-2026-apply-online-e,1970-01-01,Pending
https://www.rojgarsuvidha.com/job/395-vacancies-union-bank-so-exam-date-2026-date-announced-phase-1-schedule-direc,1970-01-01,Pending
https://www.rojgarsuvidha.com/job/395-posts-union-bank-so-admit-card-2026-date-announced-direct-download-link-exam,1970-01-01,Pending
https://www.rojgarsuvidha.com/job/3000-posts-gujarat-police-lokrakshak-cadre-recruitment-2026-direct-pdf-link-elig,1970-01-01,Pending
https://www.rojgarsuvidha.com/job/3058-vacancies-rrb-ntpc-ug-scorecard-2026-date-announced-download-cen-072025-cbt,1970-01-01,Pending
https://www.rojgarsuvidha.com/job/4471-posts-rrc-southern-railway-apprentice-recruitment-2026-apply-online-notific,1970-01-01,Pending
https://www.rojgarsuvidha.com/job/4-posts-csir-neist-recruitment-2026-apply-online-for-stenographer-jsa-translator,1970-01-01,Pending
https://www.rojgarsuvidha.com/job/507-posts-mp-police-si-recruitment-2026-notification-exam-date-apply-online-deta,1970-01-01,Pending